<?xml version="1.0" encoding="UTF-8"?>
<project-private xmlns="http://www.netbeans.org/ns/project-private/1">
    <editor-bookmarks xmlns="http://www.netbeans.org/ns/editor-bookmarks/2" lastBookmarkId="0"/>
    <open-files xmlns="http://www.netbeans.org/ns/projectui-open-files/2">
        <group>
            <file>file:/home/juanma/JRUIB/DeepSpace/P5/java/deepspace/src/deepspace/SpecificDamage.java</file>
            <file>file:/home/juanma/JRUIB/DeepSpace/P5/java/deepspace/src/Controller/Controller.java</file>
            <file>file:/home/juanma/JRUIB/DeepSpace/P5/java/deepspace/src/View/GUI/MainWindow.java</file>
            <file>file:/home/juanma/JRUIB/DeepSpace/P5/java/deepspace/src/deepspace/GameUniverse.java</file>
            <file>file:/home/juanma/JRUIB/DeepSpace/P5/java/deepspace/src/View/GUI/NamesCapture.java</file>
            <file>file:/home/juanma/JRUIB/DeepSpace/P5/java/deepspace/src/View/GUI/SpaceStationView.java</file>
        </group>
    </open-files>
</project-private>
